031,031-15,155.956087295546,031-10,163.542220729227,031-33,165.116447575372,031-28,165.514380984965,031-41,167.826423548013,031-06,168.558740822205,031-07,168.841191312542,031-05,173.676215372548,031-14,176.856380242832,031-25,177.777340075116,031-31,189.093715373464,031-23,193.431738686724,031-24,197.110329673516,031-26,203.224389810295,031-04,204.002678361324,031-11,205.460777127469,031-02,211.682220616783,031-39,225.53986753114,031-34,231.351262905591,031-36,235.788258729018,031-22,241.466741006756,031-18,270.093295344977,031-35,330.878471633479,031-01,346.154803714553,031-45,351.205378626692,031-40,359.424048145808,031-27,364.859489012885,031-17,377.687301498846,031-03,385.45945921017,031-21,386.095069896822,031-38,389.243304674747,031-30,403.977147966514,031-42,404.782025018159,031-29,406.350315421243,031-43,407.399076129481,031-44,409.880515619181,031-32,424.345541026544,031-08,434.847686844683,031-12,440.302245041544,031-20,446.962992310739,031-19,473.178039189204,031-09,473.228051448133,031-13,570.938674750033,031-16,571.504824105973,031-37,594.694401853336
032,032-42,91.4471027493465,032-05,97.4280495495274,032-01,97.6139624294745,032-04,100.733230079845,032-09,101.603870134016,032-22,102.122629442054,032-32,103.340499733211,032-26,104.176341374849,032-12,107.265156345283,032-36,107.649358590791,032-40,108.047541311952,032-23,110.819360298689,032-13,112.944396402398,032-21,114.932358735084,032-20,116.737739507373,032-03,119.253001070383,032-41,127.295185840343,032-19,133.102072045529,032-10,138.735092882522,032-27,154.21953461088,032-30,247.81397042463,032-43,310.16237507785,032-24,329.021277562,032-33,329.072050378323,032-44,332.960233886435,032-35,335.779660290519,032-15,337.332412138057,032-08,338.062769693446,032-17,338.538047789138,032-02,343.284987229012,032-38,352.044536870365,032-29,354.404677010665,032-45,356.669457271617,032-18,357.182428258493,032-07,442.522840262433,032-14,443.456603389224,032-25,468.614057265016,032-06,479.110804956729,032-31,479.304378608302,032-28,497.904060466429,032-11,514.190289449257,032-16,523.260619838937,032-34,587.522652174841,032-39,601.598949463185,032-37,628.814632949376
033,033-30,243.652930168562,033-01,244.041371902996,033-19,244.299217827146,033-20,249.617824765483,033-38,254.146069918921,033-33,256.089090455857,033-44,259.106856761123,033-05,267.267567349874,033-35,269.92096675965,033-13,270.896939422734,033-14,272.466361472274,033-37,273.332903567282,033-36,277.586705329369,033-10,285.044517534838,033-04,289.538769800905,033-03,289.712891978708,033-45,332.979371271068,033-34,333.874467702065,033-39,368.190550281707,033-09,517.86453308023,033-41,530.949421937768,033-18,538.862667273995,033-26,564.969988306663,033-22,617.94697720846,033-31,619.008379404421,033-07,680.784779621412,033-40,690.807544290741,033-25,697.472816951625,033-43,718.003368309639,033-24,741.054125728334,033-42,741.12991790104,033-02,762.662405760984,033-15,763.867752542775,033-27,776.951514197275,033-11,825.507543720024,033-12,855.850532253429,033-28,877.271847443673,033-16,918.215631198181,033-23,918.342979686005,033-08,931.645039705716,033-29,934.937559589154,033-21,954.272436507999,033-17,1002.59756097832,033-06,1101.20703858721,033-32,1212.11216416439
034,034-27,220.643890014451,034-31,240.285599259466,034-28,247.52837227504,034-08,248.380173711612,034-29,251.081344922268,034-18,255.958663091836,034-32,258.899388648037,034-07,260.761145501793,034-33,260.795556721763,034-10,265.792670344824,034-35,267.065086922358,034-15,270.086454313914,034-34,272.033503014886,034-01,285.801109870426,034-26,293.949718393091,034-20,295.40041170334,034-44,300.129129126212,034-14,303.641107009209,034-39,309.483532386318,034-21,363.998686723749,034-17,521.531151589232,034-11,532.975384703375,034-38,533.709817389858,034-23,534.66481551503,034-40,557.606277300226,034-04,562.346314650719,034-22,576.343313782118,034-36,586.501042114117,034-37,591.371016860828,034-12,593.003667745664,034-16,618.591870825535,034-13,619.877778209319,034-30,622.657925325134,034-41,655.632592060343,034-25,662.085157894712,034-09,665.008632520413,034-05,672.393637609446,034-06,679.533187107278,034-19,689.167984063739,034-42,693.034541596776,034-24,736.657423287205,034-02,770.900048628911,034-45,843.863148380617,034-03,849.009111976077,034-43,964.684839322574
035,035-37,127.151119292586,035-30,133.163072128457,035-04,134.948745431487,035-38,135.441953458155,035-12,135.975196868486,035-03,136.205633864544,035-15,136.886716744817,035-10,141.161152192716,035-01,141.51144865246,035-13,142.493213156386,035-21,143.921185640924,035-27,146.71981013884,035-28,149.999636003811,035-31,155.888661322501,035-32,158.74236719262,035-41,166.165516922539,035-08,166.939571042274,035-43,177.846118086026,035-18,181.500069015821,035-14,187.526736001054,035-39,379.964362988298,035-42,456.472543306253,035-16,459.938495019728,035-29,464.234149815474,035-23,465.554290389386,035-24,467.949752771817,035-45,468.681184100155,035-06,484.892955118693,035-33,496.518143208366,035-34,518.19958040693,035-44,519.313387175464,035-17,519.706950739517,035-40,586.416511242426,035-35,612.914297818665,035-02,625.398148322712,035-19,635.852315367505,035-20,639.742617096637,035-11,671.529580493062,035-25,673.598686599465,035-07,684.878415071825,035-09,702.996060669596,035-22,724.712146871301,035-36,751.156415270954,035-05,806.113912199732,035-26,848.779090364238
036,036-29,134.621415395738,036-20,138.145539957022,036-05,151.814010345003,036-13,157.063343403404,036-27,159.137022414626,036-16,165.09002695636,036-44,165.759350713314,036-10,168.973954338781,036-06,171.682595240733,036-28,179.601430392439,036-18,182.982505277762,036-26,187.290266402391,036-43,189.024705959083,036-34,189.608181750024,036-03,193.464616575525,036-15,196.324640058146,036-19,199.764717712867,036-17,201.135688805357,036-36,203.108267362552,036-09,210.969110165955,036-41,383.779477230376,036-21,385.500278836332,036-24,386.031029510907,036-39,406.779078489492,036-45,420.572060006682,036-14,426.663636330043,036-04,429.767657027073,036-31,443.6805011434,036-07,472.333586515111,036-22,490.536950158429,036-12,503.548974147672,036-37,512.451810403939,036-33,524.158505921599,036-02,524.303348642694,036-38,535.01479431929,036-01,581.132449133972,036-42,589.780677932329,036-32,622.912556248087,036-08,640.074320068032,036-25,663.961538799772,036-40,679.764418623391,036-11,717.63056051541,036-35,735.969443477003,036-23,908.949889769377,036-30,1004.56051358449
037,037-45,31.3770633795989,037-32,32.0678276210886,037-42,32.1693666089539,037-24,33.628286774516,037-25,33.6790250527795,037-38,33.8300419226261,037-19,34.410567373498,037-01,34.9660252007615,037-10,35.2663242081433,037-06,35.3139404063565,037-41,35.4834050459328,037-09,35.9400845437859,037-05,36.5334750980387,037-07,37.9254605812536,037-02,39.6796691381905,037-30,40.1592066263988,037-22,41.144437655574,037-17,43.8623060705844,037-16,46.5056446573238,037-27,47.6058790428256,037-28,54.1195090673631,037-33,54.8209361245395,037-37,59.7371534554903,037-35,60.7668673889785,037-04,63.4023527160831,037-44,67.3162375446985,037-36,67.5539551478388,037-18,71.9647457793943,037-26,76.7464621603809,037-31,77.078946547487,037-39,80.557894455251,037-08,81.0705400178957,037-43,82.7123857368899,037-20,83.7786666714617,037-03,87.4029210428338,037-29,97.6913079957995,037-21,102.293336293561,037-23,109.07961556709,037-12,150.426481041417,037-15,156.634541460539,037-14,162.401522253126,037-11,235.697115591434,037-40,247.618050625437,037-34,308.20755871817,037-13,368.094759445662
038,038-39,195.732646559466,038-43,213.873580738125,038-09,223.871842329286,038-22,229.752684269515,038-10,230.371441914032,038-28,231.721068975934,038-23,233.396898708913,038-05,237.836158252899,038-27,240.65484993674,038-01,243.031691366183,038-20,252.758910831386,038-35,266.84159644797,038-12,278.998359206287,038-31,292.761606004515,038-21,294.176340036998,038-14,303.894205724241,038-24,323.120391249149,038-37,352.136090273344,038-42,359.939234938041,038-08,362.912542762764,038-17,370.224003848193,038-32,380.197643571104,038-30,391.896673698064,038-06,392.873484090788,038-03,411.6026810118,038-45,412.96896961294,038-15,452.880632878536,038-41,486.574348153645,038-38,517.852562447069,038-02,517.889878146829,038-29,525.586735421624,038-25,544.610324452945,038-04,558.769547996385,038-34,563.749734024805,038-40,583.028316064392,038-07,589.944710447817,038-11,591.344318789058,038-44,595.084118839862,038-18,614.013436735814,038-26,642.036051724479,038-16,652.527775620633,038-33,663.357745043115,038-19,665.051359122746,038-36,714.227098626986,038-13,718.18541840804
039,039-01,111.058575324845,039-36,117.581609535695,039-11,120.249717931454,039-32,120.568198553792,039-28,121.804992742101,039-03,122.53966619021,039-16,127.887211810312,039-08,128.119841921645,039-40,128.925700737266,039-04,133.944331393872,039-15,137.835363288264,039-39,138.154573236053,039-06,138.368778815586,039-35,138.753334743867,039-33,141.372130905183,039-45,141.526560730647,039-44,142.899136728948,039-13,142.931717742998,039-41,150.187796967194,039-31,163.959954050965,039-26,366.967686443656,039-02,383.050890889715,039-42,386.669469836194,039-12,401.347199263846,039-17,428.838272930193,039-19,552.580705556322,039-22,569.626785265077,039-29,595.667265529998,039-38,600.886372792512,039-37,622.828639043555,039-43,626.973591794669,039-10,631.536430159322,039-05,652.058525985856,039-23,679.99869684357,039-18,685.574210876342,039-30,697.136320723546,039-21,706.320383989102,039-34,707.110391382444,039-07,711.173854246261,039-20,719.929839251547,039-25,726.589615434587,039-09,726.627886479778,039-27,771.952224041859,039-24,870.793774943447,039-14,926.432505476504
040,040-18,135.571053121506,040-06,139.355604590317,040-03,140.047838110071,040-27,141.248671802199,040-17,142.034888608274,040-11,143.500029740679,040-14,150.712977459238,040-24,152.534271489682,040-26,155.755521904016,040-29,166.572194315289,040-01,168.343368477477,040-25,173.658076659873,040-30,175.759708065904,040-05,179.06060269204,040-40,179.797212222562,040-07,186.538230020174,040-19,194.954918570939,040-41,203.131109728035,040-02,209.064723489614,040-13,211.453835831902,040-20,315.29260353777,040-22,327.261328184676,040-42,358.916166565533,040-44,369.96586359483,040-33,392.080218399291,040-04,397.921830954089,040-36,413.5467524114,040-23,420.363653439568,040-39,429.376611764098,040-37,429.90499278737,040-34,469.550938324655,040-45,487.331025640474,040-35,538.533709766974,040-16,564.842240318806,040-08,636.954905881257,040-09,663.226942170799,040-32,717.269677906741,040-10,859.759536703792,040-28,896.574507447399,040-21,924.738322949391,040-15,1128.10545800528,040-12,1162.47977697328,040-31,1356.71122364074,040-38,1386.5518060763,040-43,1727.02499360754
041,041-06,234.229482507415,041-16,237.463075190735,041-45,239.270739039105,041-24,241.51889425987,041-02,259.438024807311,041-21,260.54353012566,041-22,264.686621955768,041-42,268.358416944468,041-38,271.841133156612,041-07,281.271732003972,041-11,281.899726430484,041-25,282.201345607928,041-26,287.428808593809,041-40,301.426702301381,041-20,305.604579481251,041-10,311.876620634587,041-03,312.840945210427,041-44,332.083684618096,041-12,340.421679016319,041-43,343.436525739374,041-05,354.698895189878,041-27,376.175250548188,041-28,395.191330948216,041-30,402.23123321838,041-35,424.457013656312,041-39,424.840145112788,041-23,428.984254664633,041-41,449.600143595534,041-33,455.815186323137,041-09,456.482720081338,041-15,489.560793586748,041-37,492.780029884417,041-29,533.304429129106,041-34,542.896547304322,041-31,656.965775842349,041-36,658.931746567846,041-32,690.956679234626,041-19,696.544611925198,041-18,705.859138973912,041-13,739.024720978772,041-14,828.692765601717,041-17,908.62556983523,041-04,974.912841035224,041-08,1157.74499962542,041-01,1439.75160066894
042,042-35,249.376857235895,042-34,269.148803240233,042-12,280.060319608499,042-33,280.93050972435,042-20,293.16531099525,042-38,296.246028938381,042-08,297.362903501219,042-15,301.905409299715,042-28,304.444212056429,042-39,310.005348153031,042-21,311.916093964688,042-30,319.72518504494,042-29,328.715458266287,042-18,329.606773934705,042-14,332.104495356261,042-25,339.00864392713,042-42,339.439308262397,042-01,339.642885971278,042-24,349.601885610135,042-10,522.656782026908,042-23,756.353411453781,042-05,766.732724660547,042-17,803.772276576171,042-04,829.241424658745,042-19,832.001712642668,042-44,845.586409400487,042-41,868.566433874369,042-13,941.317582229231,042-27,941.724268579137,042-45,959.235236210104,042-02,968.036273604419,042-37,992.197165988156,042-31,1005.07763321996,042-43,1006.22126238454,042-09,1052.10038313384,042-22,1091.82694751097,042-32,1161.12390647831,042-16,1253.53753654253,042-06,1376.92989549025,042-11,1381.34284896087,042-07,1396.55638170944,042-36,1563.04058742312,042-40,1563.53279508611,042-26,1625.55978006762,042-03,1890.99771256863
043,043-41,154.628078712885,043-04,155.073275601542,043-08,159.252763338862,043-17,159.555631270736,043-40,162.4434238961,043-15,166.940635818488,043-02,167.594823790451,043-38,167.888651138522,043-42,170.949576364529,043-16,174.354668261939,043-01,176.107161079573,043-19,179.178135049426,043-37,181.442511789745,043-18,183.837585212436,043-32,188.821633934515,043-10,192.311560512684,043-12,202.024804928699,043-03,216.877133116751,043-45,247.876491838784,043-28,292.977640635893,043-21,710.833034584536,043-07,739.416333619813,043-09,745.445712172623,043-22,752.236947299444,043-31,803.355373840109,043-35,840.040649919167,043-34,856.709984538913,043-39,875.30677430324,043-27,876.640008613485,043-33,909.748368084691,043-14,941.851044638274,043-13,970.025797933309,043-44,981.474519409029,043-23,992.60262903463,043-26,993.857815285414,043-20,1044.24961986327,043-29,1046.3324760345,043-11,1060.36599823984,043-25,1060.56348475104,043-05,1083.19184402591,043-30,1216.37621573789,043-43,1237.94257745667,043-06,1270.6137484689,043-36,1404.5173289265,043-24,1668.18902669174
044,044-26,379.919129211312,044-05,387.677414338714,044-17,395.646787697748,044-42,400.146576209636,044-31,421.592572091201,044-41,421.656225783861,044-15,426.86680722114,044-30,429.503810230094,044-44,433.504715629077,044-10,453.572959365755,044-28,456.307429090402,044-14,470.669260922575,044-23,535.591056964319,044-07,567.794487353283,044-29,652.265375803165,044-40,702.041786277703,044-11,745.230881149059,044-03,815.034101288384,044-12,932.324158707358,044-36,932.540484476064,044-09,1101.5734891227,044-06,1161.9555130328,044-01,1171.15951443812,044-35,1228.8232200926,044-02,1291.98723254636,044-25,1332.80911602866,044-39,1338.60888751775,044-24,1381.45053072766,044-19,1386.45958560729,044-13,1406.47721813485,044-22,1410.45794920423,044-37,1445.38476464644,044-08,1452.24371102098,044-45,1472.15574277596,044-20,1485.36418172152,044-33,1505.31410986617,044-21,1521.48832794028,044-38,1541.51494413712,044-32,1611.64276573406,044-27,1630.11669564724,044-16,1631.57463271692,044-18,1690.56755768433,044-43,1825.77929325867,044-34,1845.79372975489,044-04,1846.07058477073
045,045-34,264.368918150348,045-25,288.3429342645,045-30,303.707245427716,045-02,316.370549428437,045-13,325.563322109448,045-45,328.700387772362,045-07,330.333941330961,045-11,331.605233511349,045-32,331.999726148386,045-40,337.467148102724,045-09,337.658230313141,045-33,351.424767899743,045-17,359.319932377437,045-31,363.671731414163,045-08,368.504765078381,045-44,390.670564187446,045-35,505.80372287551,045-28,506.372403884447,045-16,515.324763751968,045-38,595.546803945951,045-24,661.843360238066,045-20,663.672433339104,045-05,694.312955991459,045-19,699.337500959136,045-36,702.132218515387,045-37,702.5077381314,045-41,708.737558254216,045-06,746.951216644321,045-03,777.46108109405,045-23,785.225236183093,045-15,790.215361831912,045-22,816.706005085517,045-26,898.996742678747,045-29,914.694693270231,045-10,928.106951227806,045-39,1090.94278153421,045-27,1269.78537530402,045-18,1298.68661963656,045-12,1317.99172189144,045-42,1332.45186698154,045-01,1363.08117863729,045-04,1366.21114628331,045-21,1391.14318955425,045-14,1422.67388226494,045-43,1438.71291228161
046,046-34,555.048571296019,046-32,555.990587646976,046-04,597.206562625577,046-41,603.241625258538,046-16,607.38198891571,046-29,623.542040642729,046-06,644.904829831658,046-02,648.081212666105,046-44,666.659359944846,046-23,666.784464763092,046-18,675.151945370306,046-24,698.135013658082,046-19,706.5668102952,046-09,735.883771940635,046-38,738.755844302668,046-40,752.40336281666,046-11,759.763464333592,046-36,768.78652154314,046-13,854.894445887296,046-21,910.421551284893,046-42,937.088390946866,046-39,1026.13354732474,046-30,1057.8382460494,046-22,1092.07423812982,046-25,1125.30744957476,046-37,1128.39716750233,046-01,1141.79674269,046-15,1151.41634805588,046-33,1173.32474511399,046-35,1184.35479965967,046-26,1255.68486421105,046-45,1259.8826703209,046-12,1341.55465654931,046-28,1422.01358816728,046-17,1472.99499645397,046-08,1480.93447642551,046-07,1558.00935424359,046-27,1633.39538754779,046-10,1672.49800331156,046-31,1673.12668551522,046-20,1833.76656676453,046-05,1951.41976261269,046-43,1967.56326029811,046-14,2088.45852072956,046-03,2535.24003729741
047,047-14,311.016297941974,047-37,349.23535951922,047-17,352.631138043322,047-18,355.792706103507,047-21,364.08236025103,047-38,368.955135036532,047-25,386.0575165014,047-43,386.128834039678,047-09,390.879187745191,047-40,391.180406388442,047-39,392.094074777685,047-23,403.612735317349,047-42,410.367357783196,047-03,424.748748483447,047-29,426.269981973851,047-41,431.282199158879,047-12,441.089607393838,047-16,544.045318711072,047-02,772.974312214187,047-35,928.544896455962,047-08,940.806473254261,047-26,942.747128940979,047-36,944.11128132485,047-31,973.977237297065,047-27,1000.28285015877,047-13,1008.66118547738,047-11,1018.34829633779,047-22,1023.87126158319,047-05,1033.55330419464,047-45,1132.24017219364,047-15,1174.15535233292,047-30,1181.60703400005,047-33,1190.39499168976,047-01,1195.28132968038,047-07,1204.5612399918,047-19,1206.50010647436,047-04,1221.32955197014,047-06,1228.43051914631,047-24,1296.10847613731,047-28,1380.78067244607,047-20,1421.84608120967,047-32,1423.44758941438,047-10,1431.76898050905,047-34,1502.94338262946,047-44,1615.78955447698
048,048-06,103.177979636423,048-41,109.883949512145,048-40,112.091747503628,048-43,112.380142764316,048-03,114.099469702742,048-23,119.271566463839,048-28,119.840193731606,048-01,126.484371404091,048-33,127.26999769506,048-19,127.421130758447,048-42,134.915963295797,048-04,135.524622353032,048-16,144.928656453604,048-17,152.30963586622,048-14,153.919930777503,048-24,156.846403106151,048-38,186.164843213563,048-11,196.858607835463,048-39,201.485346983698,048-26,205.463484913584,048-18,209.800298016761,048-20,231.177940678573,048-27,232.026126754258,048-37,245.706561556355,048-21,251.779165323983,048-22,277.409291821105,048-36,280.38768178707,048-12,283.069712200794,048-10,285.120767097888,048-35,311.657126982617,048-08,320.918644714648,048-25,328.73178515515,048-31,350.4684858929,048-34,361.606267234043,048-45,383.899685375334,048-15,477.157686525691,048-05,490.478713876637,048-44,502.850109059023,048-30,505.272044063117,048-02,509.809224192003,048-09,522.054162179647,048-32,584.153147905988,048-29,624.734758858195,048-07,641.452329058339,048-13,675.473654501747
049,049-42,77.7697055024889,049-11,87.598430807085,049-02,87.8065655845155,049-35,89.1721528538499,049-16,91.8988060151833,049-43,93.7197399274919,049-09,94.101914429968,049-30,101.193284314998,049-36,103.621281659695,049-01,106.537713185091,049-15,108.663459137183,049-12,109.808117907354,049-39,113.601203404983,049-40,114.039918201139,049-41,120.506653320028,049-19,124.17522251518,049-37,157.61955789865,049-32,168.090744173686,049-17,237.641219849026,049-44,250.146317039208,049-29,251.949778857748,049-28,273.495868900881,049-24,293.969632964075,049-07,317.734108411789,049-18,363.679406861361,049-45,363.772266199378,049-04,375.809122732642,049-14,383.192257348187,049-27,390.750992854111,049-25,394.296214238829,049-33,398.999183159445,049-05,405.777099423118,049-03,412.159692389444,049-31,412.278898781027,049-23,421.744383246692,049-20,431.083774788996,049-21,432.100167748043,049-26,435.419249675591,049-06,448.36432763015,049-10,456.02133523971,049-13,460.698934709932,049-38,469.048327252419,049-08,503.943332897954,049-34,513.240492361412,049-22,605.888001864681
050,050-16,172.390263205889,050-33,179.939299612474,050-11,185.96245868785,050-38,189.6006626676,050-01,190.665851557348,050-08,205.532273145869,050-29,211.009176828944,050-20,211.162632576685,050-02,217.826505766187,050-44,222.132903334332,050-22,224.797199039656,050-23,228.562331765798,050-13,228.723984313149,050-31,230.16399424401,050-03,237.247413398985,050-05,238.037517745711,050-19,239.349573265457,050-21,250.461153274781,050-45,251.669148394724,050-28,278.043754628016,050-09,578.325913105575,050-12,588.37277244799,050-15,670.279230431835,050-36,700.416688534566,050-18,708.367511758074,050-41,714.23013077068,050-14,848.841358518636,050-32,890.853215936632,050-10,896.291091053597,050-39,907.373990484208,050-24,1001.08097586641,050-04,1010.71531189419,050-27,1031.0680234317,050-37,1061.07971932714,050-06,1069.81422517672,050-07,1078.45027412553,050-42,1132.28177327504,050-17,1172.52267503345,050-43,1189.27403827491,050-26,1192.72564999032,050-35,1231.79907473833,050-25,1244.34991981807,050-40,1308.48349466329,050-34,1442.17050426677,050-30,1485.17799002795
051,051-01,188.03028614729,051-09,189.504599021838,051-31,216.92580567817,051-19,223.063394057281,051-11,224.088460942706,051-21,224.587240925165,051-38,229.295266071396,051-44,233.157010341887,051-18,235.273055189516,051-45,237.781063921885,051-37,253.166883277828,051-10,263.897156422274,051-17,265.574766671109,051-12,266.025881720094,051-23,267.027754497216,051-02,288.761322082962,051-07,289.022622153545,051-25,302.530135836316,051-15,373.665071415376,051-26,410.102735260169,051-22,410.802492737137,051-43,417.972109219037,051-16,421.87062117651,051-05,441.298843861089,051-29,481.49836766923,051-14,497.04544178297,051-34,515.216122599299,051-32,518.444045655154,051-41,553.029796690069,051-30,592.83515486691,051-08,606.745888522422,051-06,611.057514019095,051-42,619.002987193016,051-24,640.247896013076,051-33,647.791309837657,051-39,652.790704410775,051-20,669.949666783068,051-13,681.883502939632,051-28,682.033261777821,051-03,730.808345642574,051-36,748.419919614161,051-04,771.092908559167,051-35,792.480933784625,051-27,831.151419447006,051-40,897.90683199224
052,052-40,128.274674018409,052-14,131.348670575421,052-10,131.568946066278,052-32,131.727205737929,052-08,136.447545341323,052-24,136.554267823691,052-25,136.745622302473,052-28,137.840473537441,052-27,138.066174521253,052-33,138.087378022631,052-41,138.361477476557,052-22,138.78798735888,052-42,140.785476231304,052-19,144.910640235614,052-29,147.07231649571,052-15,161.050368999129,052-07,161.571638148679,052-26,165.524003281318,052-11,171.226551691862,052-21,172.796764669057,052-36,465.381219739097,052-30,476.799361114712,052-20,499.877145577099,052-01,514.003794622934,052-04,521.573474214892,052-16,523.233890593069,052-35,529.113967658358,052-45,532.421551492387,052-43,535.778964374813,052-38,559.004677375229,052-09,584.515207957888,052-39,599.875997956821,052-03,613.271786462097,052-23,636.092482080379,052-13,647.52001780965,052-17,663.996001525854,052-05,685.382933173344,052-02,700.671490180348,052-18,709.045233919389,052-44,729.111705811136,052-12,748.1007567533,052-34,787.377864600263,052-31,877.926104981238,052-06,878.928699947639,052-37,981.408408884446
053,053-42,469.053320643528,053-32,470.21754704921,053-33,592.729620951341,053-01,594.183084144259,053-12,598.420062791284,053-18,622.129296320034,053-28,628.603673459283,053-20,665.919852861259,053-21,666.664860639617,053-35,700.597880071441,053-07,713.485640856779,053-45,728.108554585265,053-39,733.237030273108,053-09,771.815469283476,053-14,802.304841393081,053-23,824.161406651031,053-40,848.98495448455,053-19,863.407314632639,053-31,893.784567662363,053-04,940.278084633091,053-08,1203.66525793556,053-24,1421.62880729639,053-41,1430.04686277327,053-26,1433.24042792446,053-15,1449.56947246559,053-05,1527.64608106823,053-22,1571.8681522502,053-16,1591.70776211408,053-10,1616.35810777996,053-29,1625.09175444579,053-43,1655.67464962416,053-06,1656.76967680247,053-38,1669.40791727564,053-11,1669.45707080971,053-36,1886.04106869951,053-37,1935.92864382263,053-34,1970.66920284532,053-30,2015.96237875841,053-03,2060.5995217336,053-27,2060.6598502446,053-44,2111.6245830258,053-25,2281.9836703757,053-13,2478.53486064428,053-17,2514.35636091963,053-02,2604.0838160451
054,054-19,373.514245087583,054-33,396.263825869459,054-37,403.958740878716,054-21,411.061779129142,054-06,418.184530548361,054-45,419.021819462295,054-09,423.297313595004,054-25,435.171844079294,054-12,436.241601848186,054-40,436.998856773508,054-27,445.043378339319,054-24,456.02701037438,054-28,459.282231590623,054-05,505.894906945335,054-01,507.748864383962,054-08,520.899506149735,054-44,526.023961834821,054-17,548.497077474205,054-03,557.115904352913,054-38,594.262056776163,054-07,717.757832890544,054-42,773.804996446769,054-11,821.651829279074,054-10,830.674636003959,054-18,841.872729694695,054-16,853.310455255205,054-04,868.34422909565,054-41,872.838569420319,054-39,894.04017456972,054-35,907.790386527007,054-23,936.10695798385,054-36,939.63968993871,054-32,970.581972825887,054-26,976.53829644352,054-29,1007.02077773259,054-13,1014.96883284168,054-43,1060.13042414765,054-14,1176.20556406005,054-34,1199.21121599857,054-22,1221.50187630202,054-31,1251.92086329257,054-30,1300.2674234444,054-20,1311.45403731365,054-02,1314.71360159298,054-15,1316.10574921709
055,055-29,136.851917244148,055-24,139.868076581582,055-36,143.458908308734,055-12,147.077471981105,055-45,147.432305913362,055-11,148.007688019115,055-06,150.504850192265,055-05,152.526701948776,055-39,154.373102665797,055-01,155.055459826507,055-08,155.342502643925,055-38,155.520166570223,055-23,156.557876302682,055-20,156.74304705562,055-27,169.845283108873,055-25,174.384065142695,055-34,179.856058756924,055-19,187.429628745745,055-09,193.815569690381,055-13,194.328250747273,055-32,292.437246274286,055-15,296.449716264489,055-02,322.755603009681,055-26,357.118071567721,055-21,358.502492200473,055-42,382.819043553178,055-43,396.888725394014,055-35,401.510669853185,055-28,403.963514973992,055-33,404.730718208898,055-16,408.336696814639,055-37,444.137675737231,055-30,449.468244742832,055-18,454.136430187168,055-14,477.653945647301,055-41,497.526635516344,055-03,517.318382639864,055-10,553.775764296228,055-07,562.825487729433,055-40,587.126435663183,055-22,596.746136498252,055-44,621.419710945191,055-17,636.424462468752,055-31,706.54808202487,055-04,722.582687375379
056,056-34,359.254010525988,056-41,372.281256634236,056-28,373.267737281524,056-20,377.510622985501,056-42,383.859660147898,056-11,402.22235770707,056-03,435.413322292592,056-45,437.762241029854,056-12,445.203379975533,056-02,449.105542864884,056-38,459.089717853001,056-07,470.370167134941,056-30,479.265278744497,056-26,491.108593485568,056-15,493.646874056688,056-22,496.653339540119,056-09,505.064495243576,056-40,634.088837748485,056-44,648.309122088215,056-24,684.017429644026,056-08,721.110925332236,056-21,790.79574033445,056-43,790.812950004869,056-29,834.807362235672,056-04,869.386617212636,056-33,897.755229801648,056-16,907.136401838561,056-32,927.636744970513,056-23,944.964678369154,056-01,949.293812381787,056-27,963.235445691447,056-19,966.838802134734,056-37,996.491872583858,056-36,1084.31052691344,056-13,1113.77581946708,056-17,1140.3804342289,056-25,1162.72094371273,056-05,1251.50803045765,056-35,1359.84443086253,056-10,1370.17397489729,056-31,1383.84461267064,056-06,1490.38778606075,056-39,1516.9717706282,056-18,1541.32995129048,056-14,2144.84862409083
057,057-42,158.21911794757,057-27,174.132337665532,057-12,179.444949038289,057-06,184.862569713222,057-37,185.441581878227,057-34,187.347850182749,057-23,191.185036711757,057-02,192.516560876103,057-31,194.657536039794,057-25,196.508256477864,057-05,203.764680678765,057-17,221.99575017808,057-26,226.942002542013,057-40,237.974031735464,057-21,258.183665786864,057-13,388.235364036585,057-16,409.279161934927,057-32,427.842219214245,057-39,449.935110773498,057-24,492.326918917457,057-33,495.924409988694,057-38,499.174268984208,057-08,508.638884318673,057-01,527.090803889986,057-22,537.583276340008,057-41,543.483850737583,057-09,544.32668576576,057-03,555.129226381084,057-29,557.265409371527,057-10,566.60164300599,057-07,571.423233857949,057-36,573.479146616683,057-19,577.704880250052,057-44,578.555201089573,057-43,597.241238159152,057-30,614.215916344267,057-28,636.897287177629,057-18,648.693150037422,057-20,651.678858330771,057-35,709.146401108183,057-15,721.600291070969,057-04,729.800108498343,057-11,941.609578506313,057-14,956.4987940105,057-45,983.69825589513
058,058-20,175.404938078165,058-45,177.467997936403,058-26,195.709233862417,058-38,201.064043119298,058-42,207.302620420581,058-05,212.007104403294,058-08,224.672351048729,058-04,225.29616206879,058-13,227.16125546265,058-17,234.304512694208,058-27,237.832468699032,058-03,244.388404611978,058-12,244.857881077947,058-18,247.248757650412,058-14,251.831674434509,058-21,258.503133649216,058-44,264.153411174413,058-25,271.076996563357,058-31,272.266540823804,058-40,280.02025553787,058-36,288.905813186377,058-24,290.66589351529,058-02,292.18062207223,058-29,307.531071362452,058-16,307.80682480163,058-19,317.005386085909,058-30,326.277639802913,058-33,331.744782993645,058-43,346.248542816029,058-23,350.394421213762,058-37,358.57343461745,058-39,364.69512512861,058-32,370.14360218753,058-28,377.734727792776,058-11,411.844507926686,058-01,447.998255058477,058-15,474.064841934841,058-41,482.966830502385,058-09,494.438415805435,058-10,659.324376475544,058-34,712.927124498227,058-22,900.50207501598,058-35,1104.49458197685,058-07,1161.05633737725,058-06,1279.18983685069
059,059-22,129.370718676613,059-29,131.014106405535,059-36,134.895463291666,059-31,138.079464011797,059-14,138.253225496274,059-10,141.481340834996,059-41,143.204464473164,059-37,144.553300348126,059-04,146.392267545532,059-32,146.823923409928,059-16,146.900631703873,059-40,148.193509275421,059-13,148.428619704617,059-18,152.898523731285,059-11,154.581932492196,059-25,156.652070917982,059-17,172.830471147881,059-02,173.847209549773,059-24,177.279173543356,059-30,193.603557063791,059-42,368.843042645198,059-03,371.315001682317,059-19,377.268506047129,059-08,388.14726472352,059-35,404.873931799973,059-12,409.422746861484,059-21,431.472573892625,059-20,451.51778509735,059-05,471.24069082128,059-43,476.909397470396,059-06,564.148482664648,059-45,573.298980825591,059-26,591.924410870282,059-07,601.461969264923,059-01,635.996723212466,059-28,642.048448627665,059-34,674.079484795302,059-38,727.825984927499,059-15,744.998599581298,059-23,784.636654190346,059-27,1018.92551795198,059-39,1206.19207332708,059-44,1212.28016466846,059-33,1468.066113377,059-09,1645.58112008876
060,060-20,114.552601982219,060-09,118.021654561682,060-43,122.699312505054,060-37,124.868556853106,060-31,129.90541489253,060-22,136.939183415609,060-42,140.897138793712,060-28,146.585165121541,060-15,147.944440520089,060-24,155.838241729108,060-01,156.503017232959,060-26,159.871340002025,060-45,168.682775065579,060-41,170.833965208819,060-07,171.672245588038,060-08,172.883855696585,060-05,176.828640681646,060-06,177.575372249636,060-33,183.108878594305,060-35,191.242081978763,060-02,275.711119972927,060-10,276.364653160005,060-27,286.115076469854,060-38,294.286664685022,060-19,297.129357966035,060-16,310.43521618013,060-36,322.982917647974,060-39,370.683042020192,060-18,376.296812521012,060-29,397.669415294471,060-32,434.773475655187,060-04,436.463980336127,060-11,464.891150059821,060-14,474.831613943561,060-40,480.243283806298,060-23,520.942195874189,060-12,531.948297820398,060-34,565.330180208944,060-03,568.289438948222,060-30,597.930770110328,060-17,628.120072791508,060-44,864.714354894628,060-13,992.945420151888,060-25,1066.49898319297,060-21,1157.83100103227
061,061-03,304.327422198107,061-22,337.260924174488,061-16,345.649252280354,061-08,357.315638484977,061-06,364.856190796164,061-45,365.119042018852,061-13,374.062982514151,061-41,376.12305535188,061-36,394.88524093454,061-33,399.826521878971,061-43,420.2182789862,061-27,439.495896150252,061-34,458.144720866537,061-21,464.657417905971,061-15,482.641908553512,061-35,518.200075175131,061-40,526.058070676424,061-24,615.214588438399,061-32,681.923571967267,061-02,685.933010824039,061-28,686.720354094262,061-30,688.341516267847,061-37,698.354671944712,061-01,712.24107088344,061-25,722.378544442824,061-18,747.126069346807,061-12,752.592709469101,061-07,756.411736906784,061-11,765.290170293575,061-19,766.09629058468,061-44,766.748025804756,061-04,767.936040741345,061-20,774.408986856037,061-29,775.268248977798,061-10,793.976573308554,061-05,828.180474175814,061-39,835.606312078212,061-23,838.239590407144,061-17,858.850095930305,061-14,883.13503717087,061-09,886.527547732866,061-38,887.585993294505,061-26,946.788049294115,061-31,957.631368684073,061-42,1007.8126941345
062,062-07,178.561832634363,062-12,186.063403786998,062-19,194.768266397077,062-11,203.181374328868,062-14,219.616580973675,062-35,229.778259434055,062-27,231.929597668584,062-24,238.146288130237,062-04,240.695191738301,062-43,242.473815820117,062-08,247.633253011231,062-41,258.536778272624,062-44,262.790303845803,062-42,269.736984026558,062-38,286.957004098897,062-36,291.441873580806,062-32,300.369551157652,062-26,317.438641394947,062-22,390.383934058825,062-10,417.722777311995,062-13,418.005561106979,062-45,453.070254997531,062-18,456.00088022536,062-05,456.53071383632,062-37,578.20748776025,062-17,582.154751524196,062-31,610.533158255046,062-15,627.83692436519,062-34,685.893606288472,062-20,730.896525578634,062-30,838.036180465164,062-25,863.283783894126,062-09,883.568179227638,062-21,889.886330679685,062-06,899.652064616214,062-02,939.166152932951,062-01,979.570149975495,062-40,984.088413383814,062-33,1016.24225747583,062-39,1016.58194665006,062-29,1044.18094294648,062-03,1187.27341576985,062-28,1189.29632703355,062-23,1222.412304691,062-16,1423.24424793797
063,063-31,182.23765189676,063-17,193.202437658927,063-29,193.846107401957,063-08,196.012014128341,063-01,199.732544158734,063-42,201.499571241579,063-28,201.90293513058,063-41,204.277757555403,063-39,204.995938792658,063-30,212.896459718883,063-11,213.876857513903,063-21,215.988398454984,063-14,220.196609533945,063-34,221.205080368942,063-26,221.269964360405,063-40,226.70260266596,063-20,235.701621477764,063-23,236.250473068454,063-05,241.079343826329,063-43,269.689482365075,063-22,860.935130668729,063-33,862.508427437381,063-06,862.755935119256,063-35,866.076411855316,063-36,880.207487393092,063-18,890.598840344976,063-38,891.592816486904,063-27,893.847162147055,063-37,894.648257220008,063-03,898.203438475958,063-10,900.032495204992,063-13,902.289131451,063-24,910.097324293691,063-32,926.11743096652,063-45,1006.15377252549,063-25,1112.75710576345,063-16,1240.6252537634,063-15,1284.67732053828,063-19,1297.37239352595,063-09,1329.36527228876,063-07,1364.00443613851,063-02,1451.49537487483,063-44,1535.79655449883,063-04,1803.33067500524,063-12,1986.23812174698
064,064-16,144.440135191618,064-37,145.157053783565,064-17,146.282245420264,064-09,156.095939873083,064-10,159.711335231747,064-06,161.092602229954,064-01,161.828846476092,064-30,170.680744225919,064-34,172.850316268744,064-23,174.616384644527,064-39,177.236867599433,064-21,178.197081364045,064-35,179.115668424851,064-25,183.208150759015,064-03,184.14458169888,064-41,184.876589891248,064-14,189.806591386397,064-31,196.291974692142,064-36,207.119944596486,064-04,220.142826092634,064-45,313.505602888569,064-08,328.914880114932,064-28,334.210187905477,064-18,348.167348508728,064-26,361.482004642548,064-02,362.768662450505,064-19,364.451686223755,064-44,374.290343722035,064-07,380.951597004251,064-29,382.159793471612,064-40,472.965817576242,064-15,488.964027658042,064-42,507.074270752751,064-27,517.376123671452,064-33,526.222578384681,064-12,529.716811222049,064-11,538.853692961822,064-13,541.693172545806,064-43,631.123066991395,064-05,636.473321622844,064-32,689.01185868288,064-22,708.698089866484,064-24,718.599484864976,064-38,896.94277909648,064-20,919.417713509635
065,065-22,258.637687074783,065-31,260.533093739383,065-27,261.221072268857,065-04,262.13172184299,065-32,264.489426011363,065-01,266.819606348723,065-41,277.685928686973,065-39,278.119626626134,065-30,279.073586829089,065-18,282.368277382626,065-26,291.741029583465,065-43,292.519814204164,065-20,298.370771366123,065-19,320.142036476114,065-10,324.933161153206,065-45,334.702484218254,065-38,366.10423127166,065-13,423.215418416933,065-23,438.757271445393,065-14,511.922952822004,065-15,624.551969167347,065-05,635.863359236486,065-33,649.002112394148,065-25,658.722937131673,065-36,663.484860422935,065-06,667.332565547327,065-16,675.451548867147,065-03,704.430327685677,065-07,712.707311930528,065-12,730.786230383009,065-08,755.741325652285,065-42,759.601731904074,065-37,847.660770619902,065-11,907.405498324292,065-09,912.293879419852,065-29,913.119373232685,065-44,955.43961599693,065-21,983.188946834846,065-24,1054.30912489739,065-02,1063.88892280928,065-34,1096.92117485351,065-35,1198.83729948889,065-40,1253.83484625912,065-28,1297.03338459232,065-17,1635.69449639358
066,066-28,229.515855162199,066-23,233.374777190311,066-09,235.700104800342,066-17,240.694817171104,066-30,250.490961305812,066-34,252.205056655689,066-27,256.472328879555,066-33,258.067001451991,066-29,274.812935360246,066-06,277.021117239959,066-12,280.776710239476,066-01,295.649828967427,066-20,298.789436243773,066-43,305.099804958726,066-36,307.451150065322,066-14,312.051785108178,066-44,314.886812379962,066-19,320.072318303808,066-02,320.592349408034,066-39,362.326027835846,066-25,407.401850917264,066-37,413.775269670408,066-13,414.972344472815,066-04,422.339450871384,066-38,426.05712600211,066-08,428.549592534606,066-32,450.920560665269,066-26,457.019905601833,066-24,469.041502681349,066-03,478.820442667835,066-18,480.15452609635,066-10,480.923551638303,066-21,488.504234683312,066-15,495.499669587517,066-35,553.205827492672,066-22,882.358151696747,066-42,901.003017453463,066-41,919.476192108663,066-31,981.679909690987,066-40,1425.19420414411,066-11,1555.95054173326,066-16,2226.20639014954,066-45,2348.53892939229,066-05,2533.62857277442,066-07,2839.79411113887
067,067-19,145.569621852429,067-39,152.646263095569,067-03,157.049103571117,067-33,162.218350036323,067-31,164.297457325682,067-18,166.395797353442,067-20,166.572707496318,067-32,170.33434216634,067-27,174.304363109136,067-41,174.734976674208,067-10,175.008412035944,067-26,175.182193890678,067-17,177.017065744126,067-25,179.251992026661,067-38,183.477354302246,067-21,187.359029238298,067-02,198.058119318426,067-43,208.651771547365,067-34,218.593160438834,067-14,226.676749828045,067-09,410.393616736109,067-22,472.753176603393,067-11,483.364306664312,067-24,497.996609888775,067-35,550.255394256933,067-23,559.376303270595,067-29,577.15584093171,067-36,614.248328290766,067-28,669.548900642038,067-45,669.679855804245,067-01,685.474933945501,067-05,688.613520863061,067-04,693.432471011988,067-15,762.992657289848,067-42,766.707227284963,067-07,770.097592039339,067-30,779.596449815915,067-12,851.504066015263,067-16,971.78924505592,067-08,1042.74171737375,067-13,1562.78637319041,067-44,1783.4765997484,067-40,1806.07666299394,067-37,1852.1702591789,067-06,2298.25149196228
068,068-03,206.382816590839,068-31,221.273740117003,068-13,228.216291528911,068-20,242.195272009743,068-30,275.504685795783,068-36,275.577234176048,068-38,277.074672482004,068-21,284.337199435567,068-06,284.406029700087,068-07,284.874424720924,068-23,294.635395647866,068-29,301.388643409805,068-19,301.894418332779,068-17,302.109277517702,068-44,316.230260321704,068-11,316.761550199341,068-16,330.990749676685,068-37,354.972599293875,068-33,417.598943461196,068-43,479.163000093333,068-41,899.515466403457,068-18,901.980866262027,068-39,902.58971615021,068-45,914.694699466788,068-42,919.586907845424,068-10,924.757086452868,068-12,959.525360638594,068-04,959.843133270552,068-24,983.162574224804,068-32,992.966826130422,068-14,1021.33287309208,068-02,1036.82490058026,068-28,1108.76395646608,068-09,1109.07195678312,068-05,1125.49393186581,068-15,1232.55228956005,068-34,1248.48567885454,068-35,1249.79752714311,068-40,1292.47188571232,068-27,1318.6275948852,068-22,1382.1144970514,068-08,1424.6571782969,068-26,1435.29345917054,068-01,1459.43681811934,068-25,1571.40522581983
069,069-03,101.596972061578,069-37,109.122994717404,069-17,115.632212741334,069-30,116.995231444422,069-02,117.565135250649,069-26,120.316544224973,069-08,120.384057810016,069-25,121.490867490743,069-13,124.850085498367,069-10,126.807824178415,069-18,129.9522715694,069-27,132.404874974726,069-21,132.799808822442,069-39,133.94472640642,069-36,134.298260237704,069-44,134.396349403515,069-07,137.660159200047,069-33,150.45204541087,069-19,166.862184176071,069-29,193.989955300803,069-41,334.3030368434,069-34,343.428805556638,069-11,348.115798930673,069-45,353.941418607342,069-09,369.115292470105,069-12,376.862655277144,069-24,382.159117394644,069-35,387.257433383833,069-15,389.776833280845,069-22,426.451720858159,069-01,432.819396181794,069-31,454.523559101246,069-28,459.885550872753,069-32,471.219092038094,069-38,478.032585238449,069-20,488.968050375156,069-42,514.629666455971,069-43,521.410127864316,069-14,523.074591183366,069-23,534.064213135738,069-04,544.871876292804,069-05,577.336599122741,069-40,744.047656363893,069-06,798.046880239452,069-16,814.953228038733
070,070-39,91.1095413737631,070-14,92.0620951385992,070-03,92.9214425048499,070-40,93.8914533380731,070-12,96.1867249295003,070-33,96.530506801098,070-23,99.7533071503871,070-42,101.734355961285,070-05,104.454495729497,070-16,107.146629186604,070-18,107.592177808966,070-28,109.964380702086,070-35,110.074268262785,070-43,110.86368414525,070-07,112.229640396443,070-04,112.493737849557,070-25,114.18020618639,070-38,118.260500099438,070-37,122.11661425001,070-41,149.729710459861,070-32,156.125298514706,070-22,162.786581291936,070-27,171.443343985167,070-01,180.507652043675,070-09,210.626693795202,070-10,257.457992795586,070-44,257.588187428779,070-31,280.929641222799,070-29,285.172955196853,070-19,285.697823760311,070-20,294.571435120512,070-34,294.605941843344,070-13,297.204713031129,070-30,297.749761423706,070-17,304.527847226542,070-15,306.111402883488,070-36,331.77818747918,070-02,335.428777689847,070-11,337.191977164518,070-21,338.452252781596,070-06,340.573894146641,070-24,376.081773740068,070-26,409.380014866328,070-45,444.388789461795,070-08,446.702461801276
071,071-20,171.929226053442,071-38,172.921893404727,071-41,193.379146328536,071-08,193.971376442256,071-31,196.026131813739,071-17,197.072571405607,071-15,200.887418014988,071-44,202.00006040083,071-12,204.214122198968,071-19,211.136532186299,071-11,214.428228780338,071-35,217.378147221164,071-02,217.860678351828,071-34,220.797975198537,071-13,231.337969742623,071-14,232.608627300221,071-32,232.725533547042,071-10,259.829437078805,071-23,276.294702566983,071-29,319.413062063056,071-40,544.462578400598,071-25,546.31145687821,071-36,570.794815553474,071-30,590.625915034,071-24,594.645234572606,071-22,605.695807035115,071-16,628.798393518151,071-43,648.068378279322,071-42,648.309695592923,071-09,652.270197836775,071-04,653.497932552504,071-05,686.480947100111,071-07,715.807836194673,071-06,741.309997673054,071-01,763.98469290981,071-21,782.168399328167,071-26,784.379345988185,071-39,804.879561144514,071-27,838.09934583475,071-45,872.781736205679,071-03,885.923457264765,071-18,892.714824008187,071-33,904.730643246588,071-37,921.619974384871,071-28,952.169246673872
072,072-30,352.135712800296,072-28,354.594254493866,072-20,367.863006396198,072-22,373.217101560484,072-11,376.724990078877,072-16,385.416453843099,072-31,391.185639549211,072-03,393.236673686569,072-26,393.975541661747,072-37,395.9126613251,072-17,399.044671212806,072-45,402.528463440052,072-42,406.440903945176,072-40,442.257348819733,072-43,444.913705217806,072-29,447.63287540569,072-33,453.344048938704,072-18,487.960331660517,072-34,518.858788475706,072-13,687.144310870414,072-25,782.137178133308,072-41,810.386170114631,072-36,843.633194960462,072-39,850.181773592316,072-12,863.515883987265,072-32,867.873925043703,072-19,880.207802433122,072-27,898.90925651709,072-38,903.54977336095,072-01,909.895371493457,072-08,927.763820677997,072-06,1006.93346743851,072-14,1040.34156346449,072-15,1072.58807018918,072-24,1107.8770702132,072-35,1181.52939292761,072-07,1198.9072607106,072-23,1221.20318249379,072-02,1230.69522392869,072-04,1234.33935455138,072-05,1326.94165118405,072-09,1347.20968177284,072-10,1349.61863637846,072-21,1358.15121051867,072-44,1504.42633790373
073,073-25,163.758570017573,073-43,163.882867481728,073-39,164.456807465369,073-27,174.24904259223,073-08,174.788569152022,073-35,174.868535744009,073-15,178.92921706419,073-38,181.508841056643,073-03,183.958371249071,073-20,188.443533144018,073-31,192.79638905555,073-12,193.561687811291,073-07,194.610649689169,073-40,195.539350280674,073-28,197.404093671669,073-30,197.78946082235,073-02,199.940199965531,073-18,200.024542319153,073-10,212.208776242433,073-26,229.901877976876,073-44,412.292043147153,073-45,438.871567779874,073-33,474.509800514294,073-13,530.948179142324,073-14,583.704519931494,073-01,587.602084547975,073-05,590.963782141392,073-36,607.787187485018,073-29,617.745969634856,073-24,626.672563016788,073-23,665.641811206809,073-22,694.623591182866,073-11,712.744253461004,073-41,775.602124846188,073-42,778.867572029787,073-09,820.881552401153,073-19,852.159185779388,073-21,870.272364343411,073-06,919.286384881166,073-37,936.496608828917,073-32,937.46442204953,073-34,952.083362012273,073-17,1002.38647213921,073-16,1094.11507517175,073-04,1117.67772068443
074,074-14,113.367641236234,074-02,131.191485284296,074-07,134.520688155896,074-35,135.432988796487,074-40,137.433294180691,074-23,145.73617339551,074-21,148.792805969654,074-06,154.173743836748,074-29,161.517566381812,074-30,163.903517341697,074-33,170.011353144128,074-11,172.488570849233,074-44,191.693122714767,074-28,208.318479590479,074-22,216.831996658535,074-03,220.381291369679,074-42,228.380123402444,074-19,228.526864041934,074-32,235.908008343517,074-34,244.380435090847,074-01,249.551903885344,074-10,252.716238312804,074-38,256.131896102102,074-16,277.529002111942,074-26,278.10677269496,074-08,291.889921035421,074-36,296.252179443219,074-45,303.376444711905,074-27,312.85740307421,074-24,314.241541976036,074-25,324.324429191163,074-17,324.654318695151,074-15,346.550697136873,074-05,351.011801028011,074-43,361.342890675054,074-18,364.764287141041,074-39,395.5316742835,074-37,415.284441706783,074-04,426.00425220828,074-12,435.95667182033,074-20,597.637654963558,074-09,726.671632050752,074-41,788.247236833402,074-13,830.009834111748,074-31,914.342285158246
075,075-10,162.413827099612,075-29,168.455283909502,075-23,174.486269392788,075-34,174.590839632171,075-05,177.446781226544,075-15,181.516476461042,075-41,181.929291130647,075-39,185.84706250882,075-06,186.060161773469,075-42,187.507848011144,075-03,204.030924721138,075-45,209.850276261282,075-21,212.733730246411,075-14,214.029643252077,075-02,215.96365079798,075-43,216.689052739428,075-09,219.273759149672,075-07,224.136504497654,075-35,237.656365245284,075-01,292.252289461975,075-08,427.818878912517,075-25,494.094790260111,075-27,512.932426896271,075-18,537.373463892848,075-24,538.307900769088,075-16,551.99916745536,075-38,612.618237123952,075-22,615.158339939105,075-28,636.913542231705,075-37,657.046638280575,075-17,680.005536072697,075-19,685.893841951659,075-12,692.863714103171,075-31,698.59441072751,075-30,711.861881292595,075-36,714.62609784366,075-33,749.930377237357,075-04,821.662014063656,075-40,825.190320881481,075-26,833.30898742696,075-20,917.22696718373,075-11,920.820021494609,075-32,920.872155433769,075-13,976.184990210571,075-44,1115.39562451548
076,076-18,248.046960311091,076-11,283.385404410529,076-09,289.083102421673,076-03,295.415305850231,076-04,297.989066580509,076-05,310.595549108579,076-43,313.292130164052,076-23,317.480293418607,076-26,318.110995736733,076-36,321.379044564458,076-02,324.963071204633,076-14,327.886902872543,076-30,337.715162443096,076-16,346.681250376434,076-40,347.524351621472,076-44,354.945568721563,076-33,363.170210569647,076-25,383.880715079409,076-42,407.006840977007,076-34,424.145566100931,076-08,584.28234238702,076-17,595.941082718776,076-29,660.429002602206,076-32,669.948000126626,076-38,709.37334601475,076-35,715.944208647604,076-37,720.593352387281,076-22,734.532789362978,076-07,743.621217839461,076-12,752.912055960715,076-06,759.806240996474,076-45,760.754617794963,076-39,775.094750775927,076-28,780.452839646017,076-10,782.272806638771,076-01,784.083105420027,076-13,798.520689986417,076-41,799.425803710027,076-20,801.88741011649,076-15,860.416761098118,076-19,860.94572949475,076-24,865.691320783309,076-21,902.682550755898,076-27,935.654704086519,076-31,992.90451854623
077,077-02,100.437237877412,077-42,115.308478808006,077-19,127.972570428102,077-16,131.885792049691,077-40,135.86012524771,077-32,146.521096945558,077-39,158.330636950851,077-38,162.526944211969,077-33,171.338802411166,077-15,171.965480493227,077-18,172.374103034749,077-34,173.092812088583,077-08,179.499486485421,077-01,179.839988813358,077-27,183.735574336537,077-30,184.054262604833,077-24,191.03390858687,077-29,191.494979229347,077-22,195.385039089219,077-14,214.09126420955,077-09,233.683672194072,077-26,249.976580951982,077-06,282.134343032193,077-07,292.324208649363,077-28,295.898156807059,077-11,307.507277929218,077-21,319.18796368045,077-12,328.28843156058,077-23,329.328666168564,077-03,353.730086071108,077-04,354.498904790284,077-43,361.605055943138,077-20,370.686705357183,077-17,380.523474895824,077-44,391.015972462802,077-35,394.410863671311,077-31,401.944969245689,077-41,415.021034576877,077-37,419.239368197669,077-05,436.472285310959,077-36,461.634592074455,077-10,492.227826525225,077-13,497.354895113307,077-45,503.452119841296,077-25,567.024150292721
078,078-12,249.486327457954,078-30,257.87462366671,078-26,274.109330618028,078-27,276.290891679341,078-29,280.099362189532,078-39,286.598061853931,078-13,289.078480033342,078-15,289.309251346692,078-33,290.872212669078,078-42,292.413459722765,078-14,297.755792769971,078-21,299.660293010746,078-10,299.826710392894,078-28,302.556097597408,078-20,304.04459132971,078-11,324.450504439388,078-09,326.277587579218,078-02,328.991548114642,078-32,329.099378835861,078-45,362.216281252628,078-38,646.960392995482,078-04,661.645735442589,078-06,731.855752258971,078-37,736.093844335367,078-01,744.855011002305,078-34,815.456000831376,078-03,879.887874452047,078-25,921.461960505553,078-40,976.574738455011,078-05,986.964605778476,078-24,1015.9529857659,078-44,1043.41289942228,078-16,1047.87202892621,078-31,1064.7170801054,078-19,1124.26937655641,078-08,1125.22421722896,078-07,1136.13360888304,078-17,1162.22467469968,078-18,1163.22548629146,078-23,1188.38564597968,078-36,1191.65674270028,078-41,1205.9668208708,078-35,1245.6484691326,078-43,1319.53726370887,078-22,1391.74863769699
079,079-45,153.104454797595,079-37,165.88142793613,079-32,173.779142774774,079-44,175.172887486238,079-01,175.189464658262,079-16,177.259310219874,079-42,183.815832869519,079-41,186.386085711944,079-12,190.764927874702,079-17,197.081552487576,079-26,198.959593065224,079-04,201.839011748834,079-31,202.175063499044,079-24,206.055281106469,079-14,206.25459815513,079-22,215.841059239683,079-18,237.115003868403,079-19,300.64176058671,079-29,444.826843853794,079-05,516.911186938598,079-06,537.804428675594,079-03,564.057846197285,079-10,642.59937962045,079-13,664.22634962715,079-27,665.569326575646,079-38,666.847949811789,079-33,676.892490360151,079-30,688.011842590425,079-43,712.155097214434,079-11,712.919998716095,079-21,713.061472624697,079-23,745.20978044958,079-02,750.116036504679,079-28,750.977467432505,079-07,753.72907262388,079-08,762.030725555317,079-20,767.918727459855,079-34,806.678300868404,079-35,807.809984227936,079-09,808.504133102241,079-40,812.230707259183,079-36,851.405172364961,079-39,858.411128735564,079-15,911.480639663967,079-25,992.41377124286
080,080-05,80.4109139719026,080-36,90.6958183657694,080-02,92.2816660875923,080-29,93.6047787785712,080-44,96.0586793076254,080-37,98.1508665352117,080-43,98.4629690893424,080-34,103.232560014142,080-01,104.621233044377,080-41,105.358760074452,080-45,105.740906562942,080-08,107.449052659187,080-40,117.645279686319,080-30,123.958716374451,080-07,131.218858454773,080-06,131.985030337621,080-13,135.899743883113,080-03,136.587248557676,080-20,137.012723517323,080-14,155.733971351409,080-19,229.198299709373,080-04,236.490533197849,080-35,237.198538321942,080-38,242.765833469621,080-23,245.384504512698,080-16,264.485169954698,080-28,273.53588446866,080-11,292.973155774508,080-10,310.368026376637,080-27,320.140637593177,080-21,331.885529702844,080-24,333.96948110103,080-17,412.532615953544,080-31,414.05908055976,080-09,445.46198987978,080-12,459.426756350286,080-33,563.486287367685,080-22,582.795896914352,080-25,640.199528308624,080-42,660.240607114514,080-15,722.112317335667,080-18,740.014300289429,080-32,759.219488736544,080-39,889.660744545749,080-26,926.058677803057
081,081-18,152.379584756357,081-25,166.342496871344,081-42,175.962856748593,081-28,179.881235225394,081-24,183.082932986509,081-07,186.665897131175,081-32,186.842350825829,081-15,187.756124352959,081-37,188.701684390039,081-22,190.159468197127,081-20,191.76674147884,081-04,193.801346344307,081-34,201.500351453039,081-06,203.516668365305,081-27,206.376805090205,081-11,211.377855150755,081-03,213.392095723155,081-31,215.152246607773,081-16,225.784705248639,081-09,246.169254302283,081-02,380.436676079716,081-10,386.709571017173,081-13,435.87627148035,081-36,493.962271007614,081-05,498.372056701195,081-12,533.101948636915,081-17,542.935005425236,081-45,549.529540567907,081-35,553.278335702238,081-14,583.232432858955,081-29,622.950700973793,081-39,640.163649989986,081-21,644.794626585137,081-26,656.760123386728,081-30,708.162738919379,081-23,719.56449794651,081-01,770.72126779909,081-44,832.205858732638,081-19,900.425845508552,081-08,1014.11778240191,081-43,1033.12553611263,081-41,1067.10126645469,081-40,1080.65298661873,081-38,1119.21436137664,081-33,1478.15846706636
082,082-11,344.21837807343,082-42,374.993726866877,082-12,375.763237342223,082-14,382.092384629765,082-10,395.051089101193,082-06,406.599928341129,082-33,408.650280368328,082-23,409.087393989266,082-17,409.886457490257,082-43,435.688165598883,082-34,440.327403683664,082-41,447.006901654184,082-01,457.188270282723,082-25,481.68775559139,082-36,482.697639471412,082-05,488.653129991212,082-16,502.211440241375,082-13,549.759382583421,082-19,665.511906725059,082-40,724.565387696344,082-32,888.032550523496,082-44,913.141652470615,082-27,919.827789993995,082-28,974.846721667897,082-08,1012.07827568067,082-22,1209.56259361112,082-04,1301.86666667856,082-38,1346.18307079488,082-35,1355.93864633413,082-39,1439.27583493828,082-21,1491.0906661364,082-37,1518.41744871421,082-20,1518.49875096117,082-07,1635.31685087266,082-29,1725.58726710305,082-31,1745.71996600729,082-18,1750.87269086326,082-09,1917.95899279382,082-02,2013.8929728617,082-24,2077.58740163534,082-15,2269.98513906509,082-45,2288.72671797169,082-26,2292.44880391136,082-30,2295.59485907886,082-03,2506.9470662322
083,083-29,30.1708942802264,083-18,31.0221285682851,083-07,31.1016358556057,083-04,31.4457972306077,083-24,32.0552073333176,083-10,33.0141865682439,083-40,33.5574247568557,083-43,33.7156109730411,083-08,33.7753804415857,083-38,34.7532189498486,083-37,35.1832758451546,083-17,35.2406655293095,083-13,36.68985425302,083-36,37.9636633905091,083-09,38.3911385720288,083-12,38.5991598794567,083-16,39.67046474527,083-34,39.707531992397,083-11,40.4866483990772,083-30,45.1747583768331,083-22,48.9327567679527,083-39,49.2544903565496,083-27,51.4029799207561,083-23,51.8388729430866,083-42,58.5687713173453,083-32,58.6052883450502,083-15,59.0133196848678,083-35,63.5066096131402,083-25,64.6652946151761,083-26,67.7855675834129,083-21,69.6606666685135,083-14,75.6891208501716,083-31,94.0107129667236,083-28,94.5729614094272,083-33,98.7622881647378,083-44,106.664311028905,083-02,112.895503178993,083-45,133.131273159789,083-20,136.189636281084,083-41,136.222626702028,083-06,160.121803217434,083-19,166.861956217233,083-05,172.461562891361,083-01,191.528262375557,083-03,194.661447579113
084,084-11,309.435766134453,084-34,361.943812495351,084-31,392.429880004045,084-15,402.555820273923,084-01,406.737290442251,084-22,421.839831391816,084-18,435.398857453253,084-38,442.424938499512,084-37,452.729409444684,084-10,474.770688694277,084-44,482.098878051604,084-39,488.846088468516,084-27,493.211752468726,084-14,495.772345892776,084-23,498.918415982312,084-04,523.280763509219,084-29,553.960182380943,084-25,567.512535155463,084-17,594.835466700048,084-24,627.922635898739,084-36,649.217058838989,084-45,655.406242002,084-32,675.626995095436,084-03,750.640049820325,084-26,764.781659659182,084-20,765.455401103701,084-07,781.09769842905,084-21,786.171390505631,084-42,810.555183586705,084-30,896.2496353489,084-08,896.766915615239,084-13,996.684489804354,084-41,1095.59428637007,084-33,1110.30119326411,084-09,1110.76295197467,084-02,1161.69993826971,084-19,1162.58889008794,084-35,1239.81924126777,084-43,1252.69843908782,084-05,1282.82798131867,084-12,1307.5570795743,084-28,1338.47240334478,084-06,1379.2849020514,084-16,1511.63937283592,084-40,1518.68299919369
085,085-02,226.870325864162,085-05,239.955593110755,085-01,240.134319037531,085-36,244.409552986579,085-32,245.334406781876,085-39,248.132071592346,085-43,251.144731487145,085-35,257.9711366435,085-25,262.497045208982,085-42,262.896786990641,085-11,267.010455766638,085-20,269.186232905357,085-08,270.906952183358,085-40,271.796588144913,085-09,274.190250897426,085-38,277.021195653727,085-04,292.745360755443,085-28,310.101075159785,085-30,317.127959154253,085-07,384.303745791059,085-13,585.608696005452,085-45,630.410437732744,085-06,696.76702320391,085-22,712.110449566078,085-14,727.67634257499,085-18,730.684174544017,085-44,762.905639478228,085-29,796.511572404021,085-34,814.284414930942,085-10,830.914392325783,085-31,848.783544122837,085-16,887.30954394822,085-23,932.841128699608,085-27,941.585105568904,085-12,970.653872309555,085-24,972.345585678494,085-15,1045.27803110523,085-41,1114.63423569181,085-17,1170.55812289481,085-19,1213.77724176054,085-33,1538.59857217799,085-21,1592.3093768765,085-03,1742.30425598647,085-37,1808.88572771725,085-26,1965.17915763882
086,086-09,161.442036662432,086-11,164.072987087768,086-03,169.317172449995,086-15,174.577185272751,086-32,175.507699172554,086-29,180.728562241884,086-38,181.115360593733,086-01,182.168235822821,086-13,183.453298046911,086-18,184.586144571497,086-39,187.465937580506,086-42,194.757728609753,086-34,195.392236934397,086-21,209.01492101078,086-27,211.571616024829,086-07,212.694895167395,086-10,213.351366423421,086-41,234.987251761873,086-31,256.3989072605,086-44,265.896047072396,086-40,296.80696457476,086-26,335.951586006009,086-30,355.783421750466,086-05,364.676618534062,086-14,375.96696211708,086-45,380.21043491156,086-23,384.348035294506,086-28,392.040294823895,086-35,392.158869718131,086-25,401.917751691284,086-02,410.865235910536,086-19,418.785001863482,086-16,424.176843509357,086-08,447.522953098751,086-06,448.611652324492,086-36,459.130396531536,086-20,479.876922172972,086-24,513.309928390038,086-22,553.315472300886,086-12,614.529374014762,086-33,783.893379947123,086-37,820.324956807895,086-04,892.492141448351,086-17,931.842148439854,086-43,937.830967681943
087,087-41,156.053559425132,087-40,163.23364502014,087-12,164.387340539614,087-10,169.597536265424,087-34,171.126742943199,087-35,195.111385948656,087-25,197.61825283547,087-20,198.589328161338,087-43,204.669046794051,087-29,204.878121945433,087-22,208.304711348727,087-42,212.846366347921,087-05,215.150702441925,087-32,215.934931539275,087-27,223.12303462914,087-30,227.112054753293,087-33,228.024696454589,087-44,246.860127885224,087-45,256.68260631646,087-07,283.650731293814,087-18,467.559112147095,087-16,483.963127335662,087-28,544.294514058802,087-39,601.504335139974,087-13,652.43157786955,087-02,690.090131216288,087-11,692.629968820803,087-15,698.14012851509,087-04,726.990408381968,087-06,734.157421552698,087-38,745.019768415636,087-24,760.227381097969,087-08,769.026970537742,087-17,783.678026815779,087-37,911.163848880804,087-14,928.165599766669,087-31,937.151441444244,087-19,1019.73641149981,087-01,1060.71847193068,087-36,1085.74025301797,087-03,1664.93794315352,087-21,1679.83120051654,087-09,1824.92588783997,087-26,1944.2005922719,087-23,2049.22346290261
088,088-33,202.440265930096,088-17,211.809465541139,088-26,227.877226465244,088-45,232.070207378644,088-03,235.390484007589,088-13,245.667426115725,088-18,247.722223276671,088-29,255.639678422797,088-25,268.083257123913,088-34,279.118623089202,088-37,281.696198870521,088-38,286.425942452804,088-02,289.416539873539,088-32,291.499200170682,088-10,296.328525642785,088-19,297.118366520925,088-36,300.729264685533,088-27,302.954306807233,088-42,309.526388793672,088-22,335.475791321384,088-43,535.912791656677,088-04,586.179406790306,088-40,616.270042377924,088-01,641.715287035639,088-30,725.396713925563,088-11,819.331785682695,088-39,823.914782793112,088-06,849.769163795826,088-08,864.888913350882,088-21,870.072605346331,088-14,932.934703522946,088-05,1017.74571654141,088-41,1038.36238575473,088-35,1058.08989166362,088-16,1103.41056177013,088-28,1111.56296877033,088-07,1176.36157461839,088-24,1188.89581963658,088-20,1213.72029333508,088-23,1234.48062142292,088-12,1235.88857291081,088-15,1259.39153076533,088-09,1291.10545893513,088-44,1361.44026213635,088-31,1470.39085624146
089,089-10,104.704724345084,089-31,105.368887664356,089-41,105.484924650155,089-22,106.788757347516,089-12,110.612604772896,089-37,111.100845198143,089-36,111.843319837383,089-44,113.21680911654,089-25,116.429433869283,089-29,117.672289146207,089-01,121.082173488306,089-35,121.84189263751,089-27,128.063777624224,089-23,128.181888134538,089-26,128.580657214457,089-16,128.666106141956,089-45,128.819594213372,089-17,130.820718583367,089-40,133.609269367956,089-13,143.844446107768,089-03,397.301283368565,089-42,415.97298465963,089-09,422.01048079376,089-02,455.868963275987,089-18,455.898504966813,089-28,456.550297367005,089-34,459.396152294741,089-04,474.913948283798,089-21,483.072432133943,089-11,497.462739273887,089-39,506.139795303284,089-05,531.587053466386,089-33,572.19902352273,089-43,585.555293773043,089-19,605.07341474053,089-24,606.935243460057,089-07,687.251230566024,089-30,709.250028918506,089-38,727.072249300295,089-15,759.558476221786,089-06,762.042821034566,089-08,762.923777309853,089-20,809.451893726783,089-14,822.855556346212,089-32,825.42980687207
090,090-23,285.354627788438,090-26,294.741802076408,090-34,299.250198854384,090-16,299.589018314643,090-15,309.674809402995,090-12,317.521494498268,090-32,323.369569976523,090-05,325.268114803266,090-01,325.273142792738,090-10,327.234458884252,090-11,328.707105573767,090-31,333.234430821854,090-20,334.507652893196,090-37,355.28067876861,090-25,356.989221535739,090-19,386.652953790129,090-41,402.182170940793,090-21,440.856874560856,090-03,477.721898971738,090-18,502.533836195304,090-07,508.977241678255,090-29,637.977203844449,090-40,718.837586916226,090-02,729.894694521728,090-30,757.332752780705,090-43,761.762912065437,090-33,770.452387002454,090-35,829.324106088442,090-39,838.072601555279,090-44,901.75667318603,090-17,948.980675513112,090-06,964.406571569322,090-27,1005.36665212442,090-42,1005.66619048824,090-45,1017.36073682072,090-22,1034.42602745775,090-38,1050.85951903272,090-28,1052.86622641221,090-09,1057.63255670255,090-24,1063.6692505254,090-14,1069.36250998416,090-04,1095.1631863235,090-08,1104.04056979062,090-13,1148.10436605301,090-36,1202.5360568749
091,091-31,169.304579344717,091-18,191.078896727459,091-21,200.620502194807,091-32,211.223965170398,091-20,215.75420125784,091-34,217.175177390632,091-42,219.493229132972,091-28,220.35129301065,091-43,220.473899114526,091-36,224.356968255553,091-30,226.885156796303,091-33,229.332414933461,091-05,230.452256504612,091-17,231.661477676744,091-12,237.75377871507,091-16,239.244270857813,091-06,240.018594298299,091-23,240.050714470796,091-03,250.419641359824,091-45,258.25983301935,091-13,487.485308597983,091-37,537.493509625723,091-15,546.153809215458,091-29,569.302871782657,091-39,607.077699604797,091-10,628.563407817005,091-35,660.479163830146,091-19,667.228939775377,091-41,693.718803306198,091-14,714.801877369448,091-09,717.964246861437,091-22,732.498670909657,091-25,763.143991099805,091-01,771.502774002659,091-08,772.070781359951,091-38,833.253779919161,091-26,870.810339128979,091-11,879.208570306091,091-24,880.481303484893,091-44,882.84248514408,091-27,884.531619128759,091-04,903.667753898664,091-07,1018.51622844837,091-02,1067.14148376641,091-40,1155.34751255705
092,092-01,206.032600584416,092-13,207.01573824833,092-09,218.170361015521,092-37,218.742743141074,092-31,226.354606609444,092-15,228.295444771827,092-03,228.783250955684,092-19,238.600376966558,092-07,245.708956935696,092-32,252.235319150263,092-20,259.126169036255,092-23,272.143364289977,092-18,272.239598112026,092-10,275.529068061414,092-24,277.128531628775,092-45,298.126459418857,092-25,304.563904830772,092-14,307.440797456249,092-06,317.664456443251,092-33,360.029242626814,092-40,527.806564492394,092-29,610.629936863594,092-16,729.038398874443,092-12,742.627272353409,092-28,752.122214147724,092-36,754.553516854627,092-27,767.193546748616,092-35,769.459628976649,092-17,773.072657694467,092-43,795.67021229581,092-38,857.663918271049,092-11,894.197531241914,092-34,938.10549613203,092-30,984.684889458554,092-04,1134.89999624587,092-42,1157.27743652841,092-26,1189.40663930066,092-08,1345.07703615637,092-22,1365.38540875372,092-41,1396.41080083057,092-21,1455.80007704553,092-05,1508.12313764339,092-44,1579.98872446004,092-39,1585.41275170169,092-02,2859.32891423163
093,093-43,425.913920289779,093-34,435.661111931859,093-15,440.842045763212,093-36,447.291208826645,093-03,448.4440517812,093-44,452.429165762583,093-11,453.338958091932,093-45,486.364600509128,093-07,491.157118122499,093-10,495.137091586811,093-17,499.209008084766,093-25,501.559812391021,093-42,524.087153279183,093-39,530.52209609532,093-23,530.856696607792,093-37,537.471635039767,093-12,539.197054106899,093-38,539.887382596671,093-09,553.585752034207,093-05,589.77686487382,093-06,721.755726820887,093-14,729.683804556206,093-18,754.94656103835,093-29,766.214331741271,093-26,886.147961416884,093-19,1038.52543455588,093-04,1094.00966992944,093-13,1119.13121170604,093-27,1122.61736168787,093-28,1129.29380167514,093-40,1134.60666720477,093-22,1139.7413606178,093-41,1225.34069785924,093-35,1241.90456064902,093-30,1289.60371603351,093-02,1292.52000778869,093-21,1306.5358362601,093-31,1313.11004803071,093-24,1374.41335107934,093-32,1399.44946927298,093-01,1407.93843852907,093-08,1418.64034752404,093-16,1440.25144229634,093-33,1529.63403102233,093-20,1667.58489891451
094,094-10,237.999859054485,094-16,247.767434649783,094-26,267.286813075262,094-13,282.043445762538,094-05,282.12241007199,094-42,284.016881760546,094-18,286.286411805557,094-40,294.413952547959,094-04,313.514794937865,094-19,319.396864380494,094-15,342.806721606941,094-02,356.269671397619,094-20,369.545248053533,094-08,371.797717292918,094-27,378.327845724339,094-11,379.89312327373,094-03,441.196154935182,094-12,442.072405115273,094-24,586.928447787079,094-32,619.67253021039,094-44,621.686434825322,094-30,622.639039308611,094-38,623.942027467668,094-25,645.68338121502,094-36,675.627462468938,094-33,684.799822292328,094-31,685.700316443116,094-43,691.83481496725,094-29,692.845091904293,094-34,707.114784999896,094-28,736.191262134482,094-14,794.089452346859,094-06,804.152515423889,094-45,829.783745943846,094-37,917.174314077197,094-09,924.678598934959,094-01,934.910891997419,094-23,1038.17818373583,094-21,1069.14261024038,094-22,1078.65804444139,094-41,1191.92271075207,094-07,1355.32001250402,094-39,1364.05855682943,094-35,1400.73280969972,094-17,1402.16172878794
095,095-30,297.822577568826,095-06,307.691853842188,095-11,332.709813855628,095-36,334.453909312669,095-13,334.506384077753,095-09,347.436558928232,095-42,359.441308586011,095-35,360.580141882411,095-12,366.102839024094,095-32,368.444751578309,095-26,369.724959025731,095-08,370.298639213546,095-37,373.428879124127,095-28,373.857847850321,095-23,374.408307509538,095-41,376.211645668609,095-44,386.800208025261,095-04,413.641424703366,095-15,414.054073630368,095-34,424.837953703108,095-40,976.113407349186,095-03,987.984636883614,095-05,993.993408371872,095-45,997.286512344841,095-29,1009.46217076122,095-17,1028.99602912205,095-24,1034.78873792312,095-27,1084.95579845465,095-20,1090.83972189973,095-43,1096.34999908775,095-07,1113.12091887674,095-18,1115.78647909495,095-19,1117.95687904305,095-21,1220.06602179251,095-33,1364.40515704845,095-01,1400.32748970826,095-16,1465.72470900603,095-10,1502.62660824793,095-14,1556.05908887024,095-22,1623.43919320783,095-25,1625.39227770747,095-39,1754.74319656924,095-31,1831.25805454507,095-38,1849.49937862167,095-02,2193.47096866612
096,096-39,198.230529702608,096-18,210.752998725394,096-12,226.74081905015,096-04,238.028216455073,096-03,247.677305875751,096-30,252.632361621345,096-10,267.122180738786,096-32,272.929013954877,096-15,274.075358548035,096-02,281.522384712948,096-44,282.637663671928,096-38,287.70629808339,096-34,296.63861872173,096-05,304.01068814279,096-07,306.10602903855,096-19,322.263316321553,096-37,342.823335604651,096-25,344.073460565991,096-26,374.923669457933,096-11,436.275596648745,096-13,495.381362842132,096-27,498.26883676595,096-14,526.909182415918,096-21,534.880625857173,096-29,594.996435421146,096-40,623.377516934561,096-41,627.888443384943,096-42,636.430822183003,096-22,637.425767269617,096-16,680.198560055326,096-31,698.51329989684,096-17,701.330439938017,096-43,703.134788606103,096-08,740.710644960236,096-28,760.623003564665,096-06,769.783313431298,096-23,774.211205866213,096-45,859.850500425728,096-01,861.684919889111,096-20,862.294960980213,096-24,1037.80360534076,096-09,1097.21816220461,096-35,1142.62008799592,096-33,1191.2945192388,096-36,1308.99143316894
097,097-25,229.527940344982,097-04,232.352157608211,097-02,255.140803374029,097-36,255.719603657173,097-07,268.096817826898,097-42,275.170027710368,097-40,300.578809571448,097-30,300.999840854393,097-12,356.841014717164,097-28,397.099355000709,097-19,403.651416402911,097-08,453.056183763631,097-39,476.335442210964,097-22,483.569861759043,097-15,524.115664954538,097-17,526.509498204082,097-26,552.234064684382,097-45,560.655747812426,097-03,596.964550158197,097-20,608.877154434191,097-10,676.765928949573,097-24,706.480619270429,097-43,742.456969696511,097-29,746.921329361829,097-32,747.504409711035,097-13,753.451549649602,097-27,763.96760183041,097-38,857.611517826091,097-06,973.4212788358,097-41,1005.54025983386,097-44,1102.4984380296,097-31,1163.83593991246,097-21,1231.9301608549,097-01,1249.63614118919,097-37,1333.55824568976,097-18,1359.6196763869,097-05,1391.39296758436,097-16,1394.38036161002,097-33,1408.4490109706,097-14,1420.78166145156,097-35,1442.42846749523,097-34,1452.57022113949,097-11,1525.91733851894,097-23,1545.85218209594,097-09,1563.55337375236
098,098-31,320.113975017898,098-01,332.011904201135,098-11,350.843675675116,098-19,356.043745031576,098-26,363.596653259567,098-23,368.339272104152,098-43,399.292849517642,098-30,403.265942218736,098-16,410.553434999151,098-41,420.287154720082,098-03,421.501763861454,098-12,444.260009241517,098-08,445.757738147805,098-02,450.275070593593,098-17,450.634595860941,098-27,454.143470571993,098-15,503.398383026971,098-10,549.290972084219,098-09,656.94204098135,098-07,897.181604981585,098-29,1025.42940618549,098-13,1125.58777304686,098-39,1148.15154154014,098-22,1168.28695318876,098-21,1171.00420699348,098-05,1198.35246891342,098-06,1226.19934974665,098-04,1235.50759756057,098-36,1269.50737990406,098-20,1294.84604199937,098-45,1383.31773390897,098-32,1389.8015740905,098-40,1419.32661708119,098-37,1423.81314651069,098-24,1468.02106936648,098-28,1524.29385856619,098-44,1604.68183340165,098-25,1634.17109806842,098-18,1698.92161436653,098-33,1731.8406902381,098-42,1742.66339131406,098-34,1766.57593396466,098-14,1780.99492564542,098-38,1794.33935061673,098-35,1841.58120314853
099,099-15,272.0453798997,099-42,272.636776894852,099-13,278.769292318538,099-34,287.353029325453,099-41,313.144729813988,099-07,321.365749234313,099-29,330.823580224663,099-14,349.92943326247,099-30,353.790487175739,099-06,357.152801968845,099-09,365.588010250573,099-21,381.055968852754,099-03,386.3725123001,099-39,409.539916109955,099-02,416.297887272486,099-35,419.105932862856,099-44,450.172372575668,099-36,453.89355557692,099-10,655.898318446346,099-28,665.090755727824,099-12,672.171361616285,099-43,696.028181714584,099-31,730.606697900842,099-05,920.850227523656,099-40,935.623308746155,099-26,1012.76185880184,099-01,1013.8335632545,099-45,1029.4955810946,099-27,1041.13817793203,099-23,1042.50702124333,099-25,1045.28719643984,099-37,1046.34695116455,099-18,1068.62979703971,099-16,1109.65536470612,099-38,1114.23485092777,099-24,1117.91412950879,099-20,1123.76121603134,099-33,1149.02159587322,099-17,1169.45697830254,099-19,1195.62054893069,099-11,1207.48589636744,099-22,1248.47714797872,099-04,1249.94244189492,099-08,1278.30497547134,099-32,1368.31368806307
100,100-20,179.941017796623,100-09,184.299175109131,100-39,193.917415022055,100-15,198.150799763427,100-45,203.04590856931,100-43,207.377950764005,100-24,209.990581648133,100-35,218.05132951712,100-08,223.721850285073,100-41,229.545337859471,100-32,242.858109175489,100-14,255.803143577063,100-01,263.183551925522,100-36,263.333142022382,100-37,276.429221913188,100-38,291.920524946728,100-03,293.236273367002,100-21,297.38770485591,100-18,313.015372027043,100-42,314.062730071069,100-31,551.533817093919,100-27,565.125939235974,100-13,589.310753675054,100-16,598.063418888671,100-29,598.152305219182,100-04,613.804933997527,100-06,615.385399936423,100-44,618.726059368422,100-17,621.396630054878,100-10,621.830867137827,100-11,629.752968109435,100-26,639.320297188387,100-05,643.731096830674,100-34,666.803947820183,100-28,696.220245794148,100-12,701.494313577932,100-25,738.070386737789,100-40,739.211428500306,100-23,740.637812986548,100-02,774.753948316309,100-07,795.507192979,100-22,804.314143213993,100-19,828.668150708924,100-30,849.226080564874,100-33,976.888044956504
